N° Enr.;NomETS;RegionETS
1;ALKHAR;POINTE-NOIRE
2;ANTOINETTE KOBI;BRAZZAVILLE
3;CANDIDAT LIBRE ABALA;PLATEAUX
4;CANDIDAT LIBRE BOKO;POOL
5;CANDIDAT LIBRE BRAZZAVILLE;BRAZZAVILLE
6;CANDIDAT LIBRE DE DOLISIE;NIARI
7;CANDIDAT LIBRE DE MADINGOU;BOUENZA
8;CANDIDAT LIBRE DE MAKABANA;NIARI
9;CANDIDAT LIBRE DE MOSSENDJO;NIARI
10;CANDIDAT LIBRE DE OUESSO;SANGHA
11;CANDIDAT LIBRE DE SIBITI;LEKOUMOU
12;CANDIDAT LIBRE DOLISIE;NIARI
13;CANDIDAT LIBRE ELOGO;SANGHA
14;CANDIDAT LIBRE EWO;CUVETTE OUEST
15;CANDIDAT LIBRE IMPFONDO;LIKOUALA
16;CANDIDAT LIBRE KINDAMBA;POOL
17;CANDIDAT LIBRE KINKALA;POOL
18;CANDIDAT LIBRE LINZOLO;POOL
19;CANDIDAT LIBRE MAYAMA;POOL
20;CANDIDAT LIBRE MINDOULI;POOL
21;CANDIDAT LIBRE MPOUYA;PLATEAUX
22;CANDIDAT LIBRE NKAYI;BOUENZA
23;CANDIDAT LIBRE OKOYO;CUVETTE OUEST
24;CANDIDAT LIBRE OUESSO;SANGHA
25;CANDIDAT LIBRE OWANDO;CUVETTE
26;CANDIDAT LIBRE OYO;CUVETTE
27;CANDIDAT LIBRE POINTE-NOIRE;POINTE-NOIRE
28;CANDIDAT LIBRE SIBITI;LEKOUMOU
29;CANDIDATS LIBRES DE BRAZZAVILLE;BRAZZAVILLE
30;CANDIDATS LIBRES DE DJAMBALA;PLATEAUX
31;CANDIDATS LIBRES DE DOLISIE;NIARI
32;CANDIDATS LIBRES DE LEKANA;PLATEAUX
33;CANDIDATS LIBRES DE MAKOUA;CUVETTE
34;CANDIDATS LIBRES DE OUESSO;SANGHA
35;CANDIDATS LIBRES DE SIBITI;LEKOUMOU
36;CANDIDATS LIBRES D'IMPFONDO;LIKOUALA
37;CANDIDATS LIBRES D'ONGOGNI;PLATEAUX
38;CANDIDATS LIBRES D'OWANDO;CUVETTE
39;CANDIDATS LIBRES D'OYO;CUVETTE
40;CEPT ISAAC 7/7 DANNY;POINTE-NOIRE
41;CEPT ISAAC LOANDJILI;POINTE-NOIRE
42;CEPT ISAAC MPAKA;POINTE-NOIRE
43;CEPT-ISAC;POINTE-NOIRE
44;CEPT-ISAC MONT KAMBA;POINTE-NOIRE
45;CETA BOKO;POOL
46;CETA DOLISIE;NIARI
47;CETA ELOGO;SANGHA
48;CETA KINDAMBA;POOL
49;CETA MOUYONDZI;BOUENZA
50;CETA OKOYO;CUVETTE OUEST
51;CET DE BOKO;POOL
52;CET DE KOMONO;LEKOUMOU
53;CETF 8 MARS;BRAZZAVILLE
54;CETF DE DOLISIE;NIARI
55;CETF DE MADINGOU;BOUENZA
56;CETF DE OUESSO;SANGHA
57;CETF DE SIBITI;LEKOUMOU
58;CETF DOLISIE;NIARI
59;CETF EWO;CUVETTE OUEST
60;CETF IMPFONDO;LIKOUALA
61;CETF M. MBOUALE;CUVETTE
62;CETF MOSSENDJO;NIARI
63;CETF T. MADELEINE;POINTE-NOIRE
64;CETI DE MOUYONDZI;BOUENZA
65;CETI LINZOLO;POOL
66;CETI OYO;CUVETTE
67;CETM DE DOLISIE;NIARI
68;CETM DE NKAYI;BOUENZA
69;CETM DE SIBITI;LEKOUMOU
70;CET ZANAGA (AMITIE OMAR BONGO);LEKOUMOU
71;C.F.P ENFANT JESUS;POINTE-NOIRE
72;C.L EWO;CUVETTE OUEST
73;CMA-CETA DE MAYAMA;POOL
74;CMA-CETA D'ODZIBA;POOL
75;CMI CET ABALA;PLATEAUX
76;CMI-CET MPOUYA;PLATEAUX
77;COLLEGE D'ENSEIGNEMENT TECHNIQUE DE MAKABANA;NIARI
78;COLLEGE D'ENSEIGNEMENT TECHNIQUE INDUSTRIEL DE SEMBE;SANGHA
79;COMLPLEXE SCOLAIRE PRIVE PILASTRE ANGULAIRE;POINTE-NOIRE
80;COMPLEXE SAINT FLAVIEN;BRAZZAVILLE
81;COMPLEXE SCOLAIRE ANNE MARIE JAVOUHEY;BRAZZAVILLE
82;COMPLEXE SCOLAIRE BETINA;BRAZZAVILLE
83;COMPLEXE SCOLAIRE CAMARA LAYE;BRAZZAVILLE
84;COMPLEXE SCOLAIRE CHARLES ERNEST;BRAZZAVILLE
85;COMPLEXE SCOLAIRE CKLOÉ DAPHNÉ;BRAZZAVILLE
86;COMPLEXE SCOLAIRE DE LA POUDRIERE;BRAZZAVILLE
87;COMPLEXE SCOLAIRE EMMANUEL;POINTE-NOIRE
88;COMPLEXE SCOLAIRE EMMANUEL 5;BRAZZAVILLE
89;COMPLEXE SCOLAIRE GNETO;BRAZZAVILLE
90;COMPLEXE SCOLAIRE GUSTAVE FLAUBERT;BRAZZAVILLE
91;COMPLEXE SCOLAIRE HEGEL;BRAZZAVILLE
92;COMPLEXE SCOLAIRE JEANNE D'ARC;BRAZZAVILLE
93;COMPLEXE SCOLAIRE JEAN RACINE;BRAZZAVILLE
94;COMPLEXE SCOLAIRE JOSEPH BIKOKO;BRAZZAVILLE
95;COMPLEXE SCOLAIRE LA DYNAMIQUE;BRAZZAVILLE
96;COMPLEXE SCOLAIRE LA FOI DU COEUR;BRAZZAVILLE
97;COMPLEXE SCOLAIRE LA GRACE;BRAZZAVILLE
98;COMPLEXE SCOLAIRE LA RELEVE;BRAZZAVILLE
99;COMPLEXE SCOLAIRE LEAURRY-FLORIDE;POINTE-NOIRE
100;COMPLEXE SCOLAIRE LE BON BERGER;SANGHA
101;COMPLEXE SCOLAIRE LE CLERMONTOIS;BRAZZAVILLE
102;COMPLEXE SCOLAIRE LE COGITO PERE BOUKA;BRAZZAVILLE
103;COMPLEXE SCOLAIRE LE REQUIN;BRAZZAVILLE
104;COMPLEXE SCOLAIRE LES ELITES 3D;BRAZZAVILLE
105;COMPLEXE SCOLAIRE LES PATRIOTES;BRAZZAVILLE
106;COMPLEXE SCOLAIRE MELICHANVIE;BRAZZAVILLE
107;COMPLEXE SCOLAIRE MGMLC;POOL
108;COMPLEXE SCOLAIRE PERE CONSTANTIN;BRAZZAVILLE
109;COMPLEXE SCOLAIRE ROYAL SCHOOL;BRAZZAVILLE
110;COMPLEXE SCOLAIRE SAINTE EMILIENNE D'ETABA;POINTE-NOIRE
111;COMPLEXE SCOLAIRE SAINTE LEA;BRAZZAVILLE
112;COMPLEXE SCOLAIRE SEMIONOVITCH A. M.;POINTE-NOIRE
113;COMPLEXE SCOLAIRE THALES DE MILET BZV I;BRAZZAVILLE
114;COMPLEXE SCOLAIRE THALES DE MILET THYSTERE;POINTE-NOIRE
115;COMPLEXE SCOLAIRE THALES DE MILET VINDOULOU;POINTE-NOIRE
116;COMPLEXE SCOLAIRE THALES DE MILLET V;BRAZZAVILLE
117;CPRED;POINTE-NOIRE
118;CS AMOUR DEI;POINTE-NOIRE
119;CSAP DE LEKANA;PLATEAUX
120;CSAP DE MAKOUA;CUVETTE
121;CSAP D'EWO;CUVETTE OUEST
122;CSAP EWO;CUVETTE OUEST
123;CSAP LEKANA;PLATEAUX
124;CSAP MAKOUA;CUVETTE
125;CS BILINGUE FELIXE EBOUE;BRAZZAVILLE
126;CS LA CITE DES GENIES;POINTE-NOIRE
127;CS LA NOUVELLE FAMILLE;POINTE-NOIRE
128;CSP CEPEED - SCHOOL;POINTE-NOIRE
129;CS SAINT PIERRE CLAVER DE OUESSO;SANGHA
130;C.S THALES DE MILLET BZV II;BRAZZAVILLE
131;CS WILIAM PETTY;BRAZZAVILLE
132;ECOLE AFRICAINE DE DEVELOPPEMENT B/Z;BRAZZAVILLE
133;ECOLE BILING VENT NOUVEAU;BRAZZAVILLE
134;ECOLE EVANG. DE FORM. PROF (EEFP);BRAZZAVILLE
135;ECOLE EVANGELIQUE DE FORMATION PROF;BRAZZAVILLE
136;ECOLE EVANGELIQUE DE FORM. PROF. DE NKAYI;BOUENZA
137;ECOLE MODERNE SHALOOM SCHOOL;BRAZZAVILLE
138;ECOLE PROF. SOEUR FRANCOIS REGIS;BRAZZAVILLE
139;ECP DEO GRACIAS;BRAZZAVILLE
140;E.F.P CARDINAL EMILE BIAYENDA;BRAZZAVILLE
141;E.F.P DEO GRACIAS;BRAZZAVILLE
142;ENBA BZV;BRAZZAVILLE
143;ENBA BZV;LEKOUMOU
144;ENBA BZV;NIARI DOLISIE
145;ENBA BZV;NIARI MOSSENDJO
146;ENBA BZV;PLATEAUX
147;ENBA BZV;POINTE-NOIRE
148;ENBA BZV;POOL
149;ENBA BZV;SANGHA
150;ENBA BZV;BOUENZA
151;ENEF DE MOSSENDJO;NIARI
152;ENEF-MOSSENDJO;BRAZZAVILLE
153;ENEF-MOSSENDJO;CUVETTE
154;ENEF-MOSSENDJO;CUVETTE-OUEST
155;ENEF-MOSSENDJO;LEKOUMOU
156;ENEF-MOSSENDJO;LIKOUALA
157;ENEF-MOSSENDJO;NIARI DOLISIE
158;ENEF-MOSSENDJO;NIARI MOSSENDJO
159;ENEF-MOSSENDJO;PLATEAUX
160;ENEF-MOSSENDJO;POINTE-NOIRE
161;ENEF-MOSSENDJO;POOL
162;ENEF-MOSSENDJO;SANGHA
163;ENEF-MOSSENDJO;BOUENZA
164;ENI-BZV;CUVETTE
165;ENI-BZV;NIARI DOLISIE
166;ENI-BZV;POINTE-NOIRE
167;ENI-BZV;POOL
168;ENI-BZV;SANGHA
169;ENI-BZV;BOUENZA
170;ENI-BZV;BRAZZAVILLE
171;ENI-DOL;LEKOUMOU
172;ENI-DOL;NIARI DOLISIE
173;ENI-DOL;NIARI MOSSENDJO
174;ENI-DOL;POINTE-NOIRE
175;ENI-DOL;POOL
176;ENI-DOL;SANGHA
177;ENI-DOL;BOUENZA
178;ENI-DOL;BRAZZAVILLE
179;ENI-OWD;BRAZZAVILLE
180;ENI-OWD;CUVETTE
181;ENI-OWD;CUVETTE-OUEST
182;ENI-OWD;NIARI MOSSENDJO
183;ENI-OWD;PLATEAUX
184;ENI-OWD;POOL
185;ENI-OWD;SANGHA
186;ENI-OWD;BOUENZA
187;ENMA BRAZZAVILLE;CUVETTE
188;ENMA BRAZZAVILLE;CUVETTE-OUEST
189;ENMA BRAZZAVILLE;LEKOUMOU
190;ENMA BRAZZAVILLE;NIARI DOLISIE
191;ENMA BRAZZAVILLE;PLATEAUX
192;ENMA BRAZZAVILLE;POINTE-NOIRE
193;ENMA BRAZZAVILLE;POOL
194;ENMA BRAZZAVILLE;SANGHA
195;ENMA BRAZZAVILLE;BOUENZA
196;ENMA BRAZZAVILLE;BRAZZAVILLE
197;E.P GALILEE;BRAZZAVILLE
198;FERNAND NATHAN;POINTE-NOIRE
199;FONDATION BOOS I;BRAZZAVILLE
200;FONDATION BOOS II;BRAZZAVILLE
201;GROUPE SCOLAIRE BETHANIE CELESTE;SANGHA
202;GROUPE SCOLAIRE BILINGUE VENT NOUVEAU;BRAZZAVILLE
203;GROUPE SCOLAIRE DOM HELDER CAMARA BRAZZAVILLE;BRAZZAVILLE
204;GROUPE SCOLAIRE FADEC;POINTE-NOIRE
205;GROUPE SCOLAIRE JEAN GABRIEL PRIEUR;POINTE-NOIRE
206;GROUPE SCOLAIRE LA SAINTE MERE;BRAZZAVILLE
207;GROUPE SCOLAIRE LES PRIMAS;BRAZZAVILLE
208;GROUPE SCOLAIRE REMO;BRAZZAVILLE
209;GS DOM HELDER CAMARA POINTE-NOIRE;POINTE-NOIRE
210;G.S MENIA;BRAZZAVILLE
211;GSP LE BERGER;POINTE-NOIRE
212;GS SORBONNE FORMATION;POINTE-NOIRE
213;I.D.A;POINTE-NOIRE
214;IMMA NGANKOU;BRAZZAVILLE
215;INST. DE FORMA. PROF. ET TECH. EN INFORM. I.F.P.T.I;BOUENZA
216;INST. INTER. DE FORM. SPEC. ET DIVERSITE (IIFSD);BRAZZAVILLE
217;INSTITUT DE FORM. TECH. ET PROF. DE LOUDIMA;BOUENZA
218;INSTITUT DES JEUNES SOURDS(IJSB);BRAZZAVILLE
219;INSTITUT GUILLAUME LE GENY;BRAZZAVILLE
220;INSTITUT HENRI LOPES;BRAZZAVILLE
221;INSTITUT INSPECTEUR JEAN BIYOUDI;BRAZZAVILLE
222;INSTITUT POLYTECHNIQUE PIERRE PRIE;POINTE-NOIRE
223;INSTITUT SAINT BENIT;BRAZZAVILLE
224;INSTITUT SCOLAIRE LES BUCHEURS;BRAZZAVILLE
225;ISAP-CEPA;BRAZZAVILLE
226;IVAN MANINGUI;POINTE-NOIRE
227;KIPOLO FONKOMA;POINTE-NOIRE
228;LA SANDRINE;POINTE-NOIRE
229;LEPAS SIBITI;LEKOUMOU
230;LEPM NGOYO;POINTE-NOIRE
231;LES SERVICES D'AIME BLAISE;BRAZZAVILLE
232;LIGHT WORD SCHOOL NGOYO;POINTE-NOIRE
233;LIGHT WORD SCHOOL VINDOULOU;POINTE-NOIRE
234;L.P.A KINTOMBO;BRAZZAVILLE
235;LTC DE KINKALA;POOL
236;LTI5F;BRAZZAVILLE
237;L.T.I DE KINKALA;POOL
238;LTIJM OWANDO;CUVETTE
239;LTIM;BRAZZAVILLE
240;LYCEE D'ENSEIGNEMENT PROF AGRICOLE AMILCAR CABRAL;BRAZZAVILLE
241;LYCEE D'ENS. PROF. ALPHONSE KINTOMBO;BRAZZAVILLE
242;LYCEE ENS. PROF. AGRICOLE DE SIBITI (LEPAS);LEKOUMOU
243;LYCEE EXCELLENCE PLUS;BRAZZAVILLE
244;LYCEE LYGADE POINTE-NOIRE;POINTE-NOIRE
245;LYCEE PROFESSIONNEL THOMAS SANKARA;POINTE-NOIRE
246;LYCEE ROI SALOMON;BRAZZAVILLE
247;LYCEE TECHNIQUE 12 AOUT;POINTE-NOIRE
248;LYCEE TECHNIQUE 12 AOUT 1965;POINTE-NOIRE
249;LYCEE TECHNIQUE AGRICOLE DE OUESSO;SANGHA
250;LYCEE TECHNIQUE CFCOM;POINTE-NOIRE
251;LYCEE TECHNIQUE COMMERCIAL 1ER MAI;BRAZZAVILLE
252;LYCEE TECHNIQUE COMMERCIAL 5 FEVRIER;BRAZZAVILLE
253;LYCEE TECHNIQUE COMMERCIAL OCH;POINTE-NOIRE
254;LYCEE TECHNIQUE DE DOLISIE;NIARI
255;LYCEE TECHNIQUE DE GAMBOMA;PLATEAUX
256;LYCEE TECHNIQUE D'ONGOGNI;PLATEAUX
257;LYCEE TECHNIQUE D'OWANDO;CUVETTE
258;LYCEE TECHNIQUE D'OYO;CUVETTE
259;LYCEE TECHNIQUE INDUSTRIEL 1ER MAI;BRAZZAVILLE
260;LYCEE TECHNIQUE INDUSTRIEL 5 FEVRIER;BRAZZAVILLE
261;LYCEE TECHNIQUE INDUSTRIEL DE BOUNDJI;CUVETTE
262;LYCEE TECHNIQUE INDUSTRIEL DE KINKALA;POOL
263;LYCEE TECHNIQUE ISAP CEPA;BRAZZAVILLE
264;LYCEE TECHNIQUE JOSEPH PERFECTION;BRAZZAVILLE
265;LYCEE TECHNIQUE MIXTE DE DJAMBALA;PLATEAUX
266;LYCEE TECHNIQUE MIXTE DE MADINGOU;BOUENZA
267;LYCEE TECHNIQUE MIXTE DE MINDOULI;POOL
268;LYCEE TECHNIQUE MIXTE DE OUESSO;SANGHA
269;LYCEE TECHNIQUE MIXTE D'IMPFONDO;LIKOUALA
270;LYCEE TECHNIQUE POATY BERNARD;POINTE-NOIRE
271;LYCEE TECHNIQUE THEOPHILE MBEMBA;BRAZZAVILLE
272;LYCEE TECHNIQUE VICTOR HUGO;BRAZZAVILLE
273;MA FLORENCE;BRAZZAVILLE
274;PYTHAGORE DE SAMOS;POINTE-NOIRE
275;SAINT AMOUR DE MARSEILLE;POINTE-NOIRE
